{
  "cost_adjusted_pnl": -0.44930690109986543,
  "edge_score": -0.00010065118752237128,
  "regime_pnl": {
    "high": -0.43351378306808186,
    "low": -0.0028956027165307425,
    "mid": -0.012897515315252758
  },
  "total_pnl": -0.26445487410103985
}
