{
  "cost_adjusted_pnl": 0.0050431426843339155,
  "edge_score": 0.0005043142684333916,
  "regime_pnl": {
    "high": 0.00295734172565047,
    "low": 0.000255523460797733,
    "mid": 0.0018302774978857124
  },
  "total_pnl": 0.005509497267686432
}
